path,scope,stage,verdict,relationship,transform_id,ancestor_path,ancestor_sha256,sha256_pre_s0,sha256_post_s02,sha256_post_s03,sha256_post_s04,size_bytes,is_python,parses,n_syntax_warnings,n_crlf,n_lf,n_nonascii,has_cookie,rationale
.gitignore,colab,-,retain,origin,,.gitignore,36e51240be0007b54e2165551ab9752adb9770f9737ae6d1295242bec241a4b3,36e51240be0007b54e2165551ab9752adb9770f9737ae6d1295242bec241a4b3,-,-,-,40,False,False,0,0,4,0,False,"colab scope; stays in the repository, outside the installed package"
Align Morphologies/Alignment.py,colab,-,retain,origin,,Align Morphologies/Alignment.py,6aa5cda8111d7cae43990ec0f95a1cbdc66706f9d1196e3c3d41a43c33c99a8a,153229364d93a182987bfbbc445b7d82bd9779972a9f06e60fa704ce5a2ecf8c,6aa5cda8111d7cae43990ec0f95a1cbdc66706f9d1196e3c3d41a43c33c99a8a,-,-,15170,True,True,0,0,379,34,False,"colab scope; stays in the repository, outside the installed package"
Align Morphologies/Alignment_IdentifySpines.py,colab,-,retain,origin,,Align Morphologies/Alignment_IdentifySpines.py,00ea21aaec7084fc846d9558ac169e61e69481e15370a81216acf8985bc2e1d2,00ea21aaec7084fc846d9558ac169e61e69481e15370a81216acf8985bc2e1d2,00ea21aaec7084fc846d9558ac169e61e69481e15370a81216acf8985bc2e1d2,-,-,18971,True,True,0,0,438,31,False,"colab scope; stays in the repository, outside the installed package"
Align Morphologies/README.md,colab,-,retain,origin,,Align Morphologies/README.md,6abfac74ce7359982a735cd5815bc8a930c1c9341406beda264e462f648fd4bb,6abfac74ce7359982a735cd5815bc8a930c1c9341406beda264e462f648fd4bb,6abfac74ce7359982a735cd5815bc8a930c1c9341406beda264e462f648fd4bb,-,-,3502,False,False,0,0,44,15,False,"colab scope; stays in the repository, outside the installed package"
Align Morphologies/Usage example.py,colab,-,retain,origin,,Align Morphologies/Usage example.py,2f310fe503632ff73e15969522fd2d1a7c35e39655420edccd10fa05afdfb620,2f310fe503632ff73e15969522fd2d1a7c35e39655420edccd10fa05afdfb620,2f310fe503632ff73e15969522fd2d1a7c35e39655420edccd10fa05afdfb620,-,-,2793,True,True,0,0,20,0,False,"colab scope; stays in the repository, outside the installed package"
Alignment Metadata/Extract_metadata.py,colab,-,retain,origin,,Alignment Metadata/Extract_metadata.py,1a462fe0a7c1e7bf9f6e3cc909440d0f07c69bf982bd6520697026ee505c9a32,1a462fe0a7c1e7bf9f6e3cc909440d0f07c69bf982bd6520697026ee505c9a32,1a462fe0a7c1e7bf9f6e3cc909440d0f07c69bf982bd6520697026ee505c9a32,-,-,14540,True,True,0,0,390,64,False,"colab scope; stays in the repository, outside the installed package"
Alignment Metadata/README.md,colab,-,retain,origin,,Alignment Metadata/README.md,3a9ff3627f65a4663f4119cff0fe693acfae46c41d6834fbd423c83661e01ce1,3a9ff3627f65a4663f4119cff0fe693acfae46c41d6834fbd423c83661e01ce1,3a9ff3627f65a4663f4119cff0fe693acfae46c41d6834fbd423c83661e01ce1,-,-,3788,False,False,0,0,39,4,False,"colab scope; stays in the repository, outside the installed package"
Alignment Metadata/Usage.py,colab,-,retain,origin,,Alignment Metadata/Usage.py,96d6e6a72c39fdfb343fa93c528603532e79481ec9aff2c00cd6a1d2e19f82d3,96d6e6a72c39fdfb343fa93c528603532e79481ec9aff2c00cd6a1d2e19f82d3,96d6e6a72c39fdfb343fa93c528603532e79481ec9aff2c00cd6a1d2e19f82d3,-,-,6561,True,True,0,0,15,10,False,"colab scope; stays in the repository, outside the installed package"
Connectomics/Calculate Relative Subpop % /Usage_example.py,colab,-,retain,origin,,Connectomics/Calculate Relative Subpop % /Usage_example.py,7f95739f273f501d7c9989f15035beb73d6098edc39d9a7a6bd45b64f9916737,7f95739f273f501d7c9989f15035beb73d6098edc39d9a7a6bd45b64f9916737,7f95739f273f501d7c9989f15035beb73d6098edc39d9a7a6bd45b64f9916737,-,-,1207,True,True,0,0,30,3,False,"colab scope; stays in the repository, outside the installed package"
Connectomics/Calculate Relative Subpop % /calculate_bbp_relative_presences.py,colab,-,retain,origin,,Connectomics/Calculate Relative Subpop % /calculate_bbp_relative_presences.py,d10121eb3f7e3e20e9b01243fa45872f85e200d75f957f48d70b0a51581fbd2f,d10121eb3f7e3e20e9b01243fa45872f85e200d75f957f48d70b0a51581fbd2f,d10121eb3f7e3e20e9b01243fa45872f85e200d75f957f48d70b0a51581fbd2f,-,-,4576,True,True,0,0,117,0,False,"colab scope; stays in the repository, outside the installed package"
Connectomics/Construct_ADJ/Construct_ADJ.py,colab,-,retain,origin,,Connectomics/Construct_ADJ/Construct_ADJ.py,550f1d89a21e0fd9ef7cc4e8e9ab9243f0ef03ca64e34827e02a9b8bf0fcf0a5,550f1d89a21e0fd9ef7cc4e8e9ab9243f0ef03ca64e34827e02a9b8bf0fcf0a5,550f1d89a21e0fd9ef7cc4e8e9ab9243f0ef03ca64e34827e02a9b8bf0fcf0a5,-,-,4439,True,True,0,0,101,0,False,"colab scope; stays in the repository, outside the installed package"
Connectomics/Construct_ADJ/Microcircuit Assembly Documentation.pdf,colab,S0.7,discard,origin,,Connectomics/Construct_ADJ/Microcircuit Assembly Documentation.pdf,dec69a3bdff9f6310dfee79790a46b9d69a714a6a882f601726f3f5548a5c1f8,dec69a3bdff9f6310dfee79790a46b9d69a714a6a882f601726f3f5548a5c1f8,dec69a3bdff9f6310dfee79790a46b9d69a714a6a882f601726f3f5548a5c1f8,-,-,101049,False,False,0,1,519,49478,False,Committed binary payload. TEEG_01 rev 2 section 3.2: not referenced by any code path. D-8: moves to a separate repository; no history rewriting
Connectomics/Construct_ADJ/Plotting_function,colab,-,retain,origin,,Connectomics/Construct_ADJ/Plotting_function,1af3295bfe7a14c7ae1a20fb0e20f417e96f2f6ceb20b216c2f24e3202ad441f,1af3295bfe7a14c7ae1a20fb0e20f417e96f2f6ceb20b216c2f24e3202ad441f,1af3295bfe7a14c7ae1a20fb0e20f417e96f2f6ceb20b216c2f24e3202ad441f,-,-,5379,False,False,0,0,128,0,False,"colab scope; stays in the repository, outside the installed package"
Connectomics/Construct_ADJ/Usage_example.py,colab,-,retain,origin,,Connectomics/Construct_ADJ/Usage_example.py,5aebc98a68f6c4cff5e1a8d392d0032e7e03503ef1bb8ecde21beaf281e68508,5aebc98a68f6c4cff5e1a8d392d0032e7e03503ef1bb8ecde21beaf281e68508,5aebc98a68f6c4cff5e1a8d392d0032e7e03503ef1bb8ecde21beaf281e68508,-,-,1382,True,True,0,0,43,0,False,"colab scope; stays in the repository, outside the installed package"
Connectomics/Full_impementation,colab,-,retain,origin,,Connectomics/Full_impementation,e5f5fdef748d387e267d8d8150144ca860d6a76e1054b1cee25e122740b1bdd1,e5f5fdef748d387e267d8d8150144ca860d6a76e1054b1cee25e122740b1bdd1,e5f5fdef748d387e267d8d8150144ca860d6a76e1054b1cee25e122740b1bdd1,-,-,1685,False,False,0,0,54,0,False,"colab scope; stays in the repository, outside the installed package"
Connectomics/Generate Point Microcolumn/Population Generation Documentation (1).pdf,colab,S0.7,discard,origin,,Connectomics/Generate Point Microcolumn/Population Generation Documentation (1).pdf,be7956c4b022d6d99bab729cfbc97445b477e9a7ec5fa46739586d6500a60c37,be7956c4b022d6d99bab729cfbc97445b477e9a7ec5fa46739586d6500a60c37,be7956c4b022d6d99bab729cfbc97445b477e9a7ec5fa46739586d6500a60c37,-,-,103270,False,False,0,3,566,50375,False,Committed binary payload. TEEG_01 rev 2 section 3.2: not referenced by any code path. D-8: moves to a separate repository; no history rewriting
Connectomics/Generate Point Microcolumn/Usage_example.py,colab,-,retain,origin,,Connectomics/Generate Point Microcolumn/Usage_example.py,4c1226dcdce832a525b537ea07c67d7056484cdfcd2e0d021021444b175786c2,4c1226dcdce832a525b537ea07c67d7056484cdfcd2e0d021021444b175786c2,4c1226dcdce832a525b537ea07c67d7056484cdfcd2e0d021021444b175786c2,-,-,670,True,True,0,0,24,0,False,"colab scope; stays in the repository, outside the installed package"
Connectomics/Generate Point Microcolumn/generate_microcolumn_cells.py,colab,-,retain,origin,,Connectomics/Generate Point Microcolumn/generate_microcolumn_cells.py,d2ce64546d558fe9f58cfa6514cdb89136dd1c9eaeb2e77ee42855978722b849,d2ce64546d558fe9f58cfa6514cdb89136dd1c9eaeb2e77ee42855978722b849,d2ce64546d558fe9f58cfa6514cdb89136dd1c9eaeb2e77ee42855978722b849,-,-,4426,True,True,0,0,111,0,False,"colab scope; stays in the repository, outside the installed package"
Dendrite F score/README.md,colab,-,retain,origin,,Dendrite F score/README.md,f2eae84356fdedbb693e051f85db04c92a6fa7a2c85f0014a1ae5e8e9299135d,f2eae84356fdedbb693e051f85db04c92a6fa7a2c85f0014a1ae5e8e9299135d,f2eae84356fdedbb693e051f85db04c92a6fa7a2c85f0014a1ae5e8e9299135d,-,-,105,False,False,0,0,1,0,False,"colab scope; stays in the repository, outside the installed package"
Dendrite F score/morpholgy_pathways (6).py,colab,-,retain,origin,,Dendrite F score/morpholgy_pathways (6).py,bd8cf4b341be103fb01f8eed66c003ae53ff49f6bd25e6b82c320ada7e8ab0df,bd8cf4b341be103fb01f8eed66c003ae53ff49f6bd25e6b82c320ada7e8ab0df,bd8cf4b341be103fb01f8eed66c003ae53ff49f6bd25e6b82c320ada7e8ab0df,-,-,149543,True,True,0,0,3030,357,True,"colab scope; stays in the repository, outside the installed package"
Fetch Synapses/Fetch_MappedSyn.py,colab,-,retain,origin,,Fetch Synapses/Fetch_MappedSyn.py,81b9fef265111f0102e0c581ec56a3f944de995b32edd8d215f56692a8313fe6,81b9fef265111f0102e0c581ec56a3f944de995b32edd8d215f56692a8313fe6,81b9fef265111f0102e0c581ec56a3f944de995b32edd8d215f56692a8313fe6,-,-,2041,True,True,0,0,48,0,False,"colab scope; stays in the repository, outside the installed package"
Fetch Synapses/README.md,colab,-,retain,origin,,Fetch Synapses/README.md,d98bf970cbb7c23f6ed05e19b8df05f56edf4691d9107d6b19b2e9f607f696b8,d98bf970cbb7c23f6ed05e19b8df05f56edf4691d9107d6b19b2e9f607f696b8,d98bf970cbb7c23f6ed05e19b8df05f56edf4691d9107d6b19b2e9f607f696b8,-,-,1722,False,False,0,0,15,4,False,"colab scope; stays in the repository, outside the installed package"
Fetch Synapses/Usage_Example.py,colab,-,retain,origin,,Fetch Synapses/Usage_Example.py,eeb2aa8568149258ff792d01b144667baae0546f3eac78c4678cbaeef2dce827,eeb2aa8568149258ff792d01b144667baae0546f3eac78c4678cbaeef2dce827,eeb2aa8568149258ff792d01b144667baae0546f3eac78c4678cbaeef2dce827,-,-,9157,True,True,0,0,254,18,False,"colab scope; stays in the repository, outside the installed package"
Final Implementation/README.md,colab,-,retain,origin,,Final Implementation/README.md,15b82ff6e8cd160d3f13be564315f3e1f4045ddeff6ef98194392a020d81d4eb,15b82ff6e8cd160d3f13be564315f3e1f4045ddeff6ef98194392a020d81d4eb,15b82ff6e8cd160d3f13be564315f3e1f4045ddeff6ef98194392a020d81d4eb,-,-,33,False,False,0,0,1,0,False,"colab scope; stays in the repository, outside the installed package"
Jitter Neuron/README.md,colab,-,retain,origin,,Jitter Neuron/README.md,a09b36fc6e2a9fc9edca2427dd2c7f0c1958bd67dfc488cf8b4b9ee592b360c6,a09b36fc6e2a9fc9edca2427dd2c7f0c1958bd67dfc488cf8b4b9ee592b360c6,a09b36fc6e2a9fc9edca2427dd2c7f0c1958bd67dfc488cf8b4b9ee592b360c6,-,-,213,False,False,0,0,5,0,False,"colab scope; stays in the repository, outside the installed package"
Jitter Neuron/jitter_neurons (1).py,colab,-,retain,origin,,Jitter Neuron/jitter_neurons (1).py,aaf2bbe87751a7a4db38ab4e79e885ce1486e8ecf156608497c52b38ed52047d,aaf2bbe87751a7a4db38ab4e79e885ce1486e8ecf156608497c52b38ed52047d,aaf2bbe87751a7a4db38ab4e79e885ce1486e8ecf156608497c52b38ed52047d,-,-,8981,True,True,0,0,240,2,True,"colab scope; stays in the repository, outside the installed package"
Morphology Compliance/Compliance_Check.py,colab,-,retain,origin,,Morphology Compliance/Compliance_Check.py,4310a4dd7a863267124421fd16e6dba99fb1e72595da4f9b5631c8b27b2d73ac,babeb0342594840840001c63f494e3d3726345c3a13441526dfe8205951b03b6,4310a4dd7a863267124421fd16e6dba99fb1e72595da4f9b5631c8b27b2d73ac,-,-,8623,True,True,0,0,198,13,False,"colab scope; stays in the repository, outside the installed package"
Morphology Compliance/Morphology Selection Documentation.pdf,colab,S0.7,discard,origin,,Morphology Compliance/Morphology Selection Documentation.pdf,2acac69e50471300c4c5deeea5951afc68517e3ad727420c5a2d32e50616a8c8,2acac69e50471300c4c5deeea5951afc68517e3ad727420c5a2d32e50616a8c8,2acac69e50471300c4c5deeea5951afc68517e3ad727420c5a2d32e50616a8c8,-,-,86184,False,False,0,2,448,42099,False,Committed binary payload. TEEG_01 rev 2 section 3.2: not referenced by any code path. D-8: moves to a separate repository; no history rewriting
Morphology Compliance/Usage example,colab,-,retain,origin,,Morphology Compliance/Usage example,2f366ba474ee92b5f81a4084d0967858b7fe365622a7a32eaef81582ac3de778,2f366ba474ee92b5f81a4084d0967858b7fe365622a7a32eaef81582ac3de778,2f366ba474ee92b5f81a4084d0967858b7fe365622a7a32eaef81582ac3de778,-,-,2727,False,False,0,0,54,0,False,"colab scope; stays in the repository, outside the installed package"
Nuova cartella compressa.zip,colab,S0.7,discard,origin,,Nuova cartella compressa.zip,9da5198cce44fe1346767c55a343c105e0c53d20caf38a05122fa3a2611d7ac4,9da5198cce44fe1346767c55a343c105e0c53d20caf38a05122fa3a2611d7ac4,9da5198cce44fe1346767c55a343c105e0c53d20caf38a05122fa3a2611d7ac4,-,-,7712035,False,False,0,102,28774,3913840,False,Committed binary payload. TEEG_01 rev 2 section 3.2: not referenced by any code path. D-8: moves to a separate repository; no history rewriting
Point Neuronal Network/Utility Functions/HDF5_Builder.py,colab,-,retain,origin,,Point Neuronal Network/Utility Functions/HDF5_Builder.py,2bc3d332841945f194214045e92d7ccd2c72631a323e95d42ff46d2e55fa577c,2bc3d332841945f194214045e92d7ccd2c72631a323e95d42ff46d2e55fa577c,2bc3d332841945f194214045e92d7ccd2c72631a323e95d42ff46d2e55fa577c,-,-,2166,True,True,0,0,62,0,False,"colab scope; stays in the repository, outside the installed package"
README.md,colab,-,retain,origin,,README.md,648aec5644fbf68d2931b9550e2da2ee9bfd4264e48e10108fc01c771d864d80,648aec5644fbf68d2931b9550e2da2ee9bfd4264e48e10108fc01c771d864d80,648aec5644fbf68d2931b9550e2da2ee9bfd4264e48e10108fc01c771d864d80,-,-,465,False,False,0,0,5,0,False,"colab scope; stays in the repository, outside the installed package"
Rec_Utility.py,colab,-,retain,origin,,Rec_Utility.py,f13de045968787639ce57ceaf13e3ffbd5c5225f6b58a535d6dd822c8d1df6e6,f13de045968787639ce57ceaf13e3ffbd5c5225f6b58a535d6dd822c8d1df6e6,f13de045968787639ce57ceaf13e3ffbd5c5225f6b58a535d6dd822c8d1df6e6,-,-,142984,True,True,0,3944,3944,647,False,"colab scope; stays in the repository, outside the installed package"
Save nids/Usage_example.py,colab,-,retain,origin,,Save nids/Usage_example.py,7f3657845a84dfef8716a73cccd93ec49249f900f88b9ee581217aefd4eec98e,7f3657845a84dfef8716a73cccd93ec49249f900f88b9ee581217aefd4eec98e,7f3657845a84dfef8716a73cccd93ec49249f900f88b9ee581217aefd4eec98e,-,-,488,True,True,0,0,24,0,False,"colab scope; stays in the repository, outside the installed package"
Save nids/save_indicies.py,colab,-,retain,origin,,Save nids/save_indicies.py,ea8eb268821ef4b791718778afc844d53d9448c72577dee09378a6946796db83,ea8eb268821ef4b791718778afc844d53d9448c72577dee09378a6946796db83,ea8eb268821ef4b791718778afc844d53d9448c72577dee09378a6946796db83,-,-,884,True,True,0,0,22,0,False,"colab scope; stays in the repository, outside the installed package"
Spanning Trees/Calculate_field.py,colab,-,retain,origin,,Spanning Trees/Calculate_field.py,a481c7f3cdca17cb04e62627c62f08a83bad26182245da248eea426d733df509,a481c7f3cdca17cb04e62627c62f08a83bad26182245da248eea426d733df509,a481c7f3cdca17cb04e62627c62f08a83bad26182245da248eea426d733df509,-,-,7410,True,True,0,0,173,13,False,"colab scope; stays in the repository, outside the installed package"
Spanning Trees/Neuronal Mapping Documentation.pdf,colab,S0.7,discard,origin,,Spanning Trees/Neuronal Mapping Documentation.pdf,14240ebdd44037b40b7f86804e61a0e012e3381094f6108b3d4ceef4824f2b93,14240ebdd44037b40b7f86804e61a0e012e3381094f6108b3d4ceef4824f2b93,14240ebdd44037b40b7f86804e61a0e012e3381094f6108b3d4ceef4824f2b93,-,-,53832,False,False,0,1,332,26074,False,Committed binary payload. TEEG_01 rev 2 section 3.2: not referenced by any code path. D-8: moves to a separate repository; no history rewriting
Spanning Trees/Save.py,colab,-,retain,origin,,Spanning Trees/Save.py,5c8b29eaeef0e454bcc8ade39eaafa83f6b7a40416d75034572ebdb3c0be343a,5c8b29eaeef0e454bcc8ade39eaafa83f6b7a40416d75034572ebdb3c0be343a,5c8b29eaeef0e454bcc8ade39eaafa83f6b7a40416d75034572ebdb3c0be343a,-,-,1893,True,True,0,0,43,30,False,"colab scope; stays in the repository, outside the installed package"
Spanning Trees/Usage_example.py,colab,-,retain,origin,,Spanning Trees/Usage_example.py,5e7a16b72697f1261fdb927c1734e02c085e2443446001ab334663203e4a55b9,5e7a16b72697f1261fdb927c1734e02c085e2443446001ab334663203e4a55b9,5e7a16b72697f1261fdb927c1734e02c085e2443446001ab334663203e4a55b9,-,-,2373,True,True,0,0,41,0,False,"colab scope; stays in the repository, outside the installed package"
Spanning tree overlap and synapse identification/Peters Rule Connectivity Engine Documentation.pdf,colab,S0.7,discard,origin,,Spanning tree overlap and synapse identification/Peters Rule Connectivity Engine Documentation.pdf,a44a1660a0196af6657d586594c083b8d6cb808cd7eea7254eca3d8dd7651a92,a44a1660a0196af6657d586594c083b8d6cb808cd7eea7254eca3d8dd7651a92,a44a1660a0196af6657d586594c083b8d6cb808cd7eea7254eca3d8dd7651a92,-,-,83827,False,False,0,0,409,41201,False,Committed binary payload. TEEG_01 rev 2 section 3.2: not referenced by any code path. D-8: moves to a separate repository; no history rewriting
Spanning tree overlap and synapse identification/Synaptic Overlap Debugger Documentation.pdf,colab,S0.7,discard,origin,,Spanning tree overlap and synapse identification/Synaptic Overlap Debugger Documentation.pdf,7a7a3b5a8d8a90de2dbcb31ff0889c3d6ad5772f8c349bf93978f7485280f06d,7a7a3b5a8d8a90de2dbcb31ff0889c3d6ad5772f8c349bf93978f7485280f06d,7a7a3b5a8d8a90de2dbcb31ff0889c3d6ad5772f8c349bf93978f7485280f06d,-,-,68572,False,False,0,1,346,33535,False,Committed binary payload. TEEG_01 rev 2 section 3.2: not referenced by any code path. D-8: moves to a separate repository; no history rewriting
Spanning tree overlap and synapse identification/Usage_Example.py,colab,-,retain,origin,,Spanning tree overlap and synapse identification/Usage_Example.py,0d5e17d101cfd7fe517ef0aaad6d26442a5dae15f9be91d69b85a16bb350387a,0d5e17d101cfd7fe517ef0aaad6d26442a5dae15f9be91d69b85a16bb350387a,0d5e17d101cfd7fe517ef0aaad6d26442a5dae15f9be91d69b85a16bb350387a,-,-,1066,True,True,0,0,35,0,False,"colab scope; stays in the repository, outside the installed package"
Spanning tree overlap and synapse identification/calculate_synaptic_overlap.py,colab,-,retain,origin,,Spanning tree overlap and synapse identification/calculate_synaptic_overlap.py,88206f97983923cd83243d113f71c3cff020a43fac16e2adea15593560b70472,88206f97983923cd83243d113f71c3cff020a43fac16e2adea15593560b70472,88206f97983923cd83243d113f71c3cff020a43fac16e2adea15593560b70472,-,-,8941,True,True,0,0,198,30,False,"colab scope; stays in the repository, outside the installed package"
Spine Detection/DEBUG/Generate_smooth_surface.py,colab,-,retain,origin,,Spine Detection/DEBUG/Generate_smooth_surface.py,c792fbfc66e4e466c704200e847ede6177b12d01c8044c1c06e09f932a45bbc2,c792fbfc66e4e466c704200e847ede6177b12d01c8044c1c06e09f932a45bbc2,c792fbfc66e4e466c704200e847ede6177b12d01c8044c1c06e09f932a45bbc2,-,-,8181,True,True,0,0,205,10,False,"colab scope; stays in the repository, outside the installed package"
Spine Detection/DEBUG/Label_spines.py,colab,-,retain,origin,,Spine Detection/DEBUG/Label_spines.py,7f30cf1710ed9d650d1fc3c3e0107ea8eb17ad7feb746a77f0c49c6d2d664b3e,7f30cf1710ed9d650d1fc3c3e0107ea8eb17ad7feb746a77f0c49c6d2d664b3e,7f30cf1710ed9d650d1fc3c3e0107ea8eb17ad7feb746a77f0c49c6d2d664b3e,-,-,7943,True,True,0,0,204,35,False,"colab scope; stays in the repository, outside the installed package"
Spine Detection/DEBUG/README.md,colab,-,retain,origin,,Spine Detection/DEBUG/README.md,2d17a2e83686c493ebaabf528c1630054df3ddea290382fe1ab3e379efae0610,2d17a2e83686c493ebaabf528c1630054df3ddea290382fe1ab3e379efae0610,2d17a2e83686c493ebaabf528c1630054df3ddea290382fe1ab3e379efae0610,-,-,5828,False,False,0,0,100,30,False,"colab scope; stays in the repository, outside the installed package"
Spine Detection/DEBUG/Segment_spine.py,colab,-,retain,origin,,Spine Detection/DEBUG/Segment_spine.py,3c63163f6c5e1e0c3699080d0ef0e955d6278ce906bf30609a2c12b198ec6894,3c63163f6c5e1e0c3699080d0ef0e955d6278ce906bf30609a2c12b198ec6894,3c63163f6c5e1e0c3699080d0ef0e955d6278ce906bf30609a2c12b198ec6894,-,-,11333,True,True,0,0,259,14,False,"colab scope; stays in the repository, outside the installed package"
Spine Detection/Label_Dendritic_Spines.py,colab,-,retain,origin,,Spine Detection/Label_Dendritic_Spines.py,2c56299fde3a9a2f3a79b09113c08f3b5cbc29a709647e9717e0f8b4d6935dde,2c56299fde3a9a2f3a79b09113c08f3b5cbc29a709647e9717e0f8b4d6935dde,2c56299fde3a9a2f3a79b09113c08f3b5cbc29a709647e9717e0f8b4d6935dde,-,-,11935,True,True,0,0,282,35,False,"colab scope; stays in the repository, outside the installed package"
Spine Detection/README.md,colab,-,retain,origin,,Spine Detection/README.md,21224f75dad4678d46d4b1bd8d7eaae457d966e0e5fc19d696568977cbb7fb98,21224f75dad4678d46d4b1bd8d7eaae457d966e0e5fc19d696568977cbb7fb98,21224f75dad4678d46d4b1bd8d7eaae457d966e0e5fc19d696568977cbb7fb98,-,-,4207,False,False,0,0,98,45,False,"colab scope; stays in the repository, outside the installed package"
Synapse Retrival/Assess_quality.py,colab,-,retain,origin,,Synapse Retrival/Assess_quality.py,5e7569a8ef88908ecf4447bf5be2671926bd90366858caeef4692732f34cfda1,5e7569a8ef88908ecf4447bf5be2671926bd90366858caeef4692732f34cfda1,5e7569a8ef88908ecf4447bf5be2671926bd90366858caeef4692732f34cfda1,-,-,3212,True,True,0,0,92,28,False,"colab scope; stays in the repository, outside the installed package"
Synapse Retrival/Extract_synapses.py,colab,-,retain,origin,,Synapse Retrival/Extract_synapses.py,8aaa7c20b8ad630ac4424a03c4bf30f6a66a89d8d92652bf62462e47fc9ee338,2ebf1ef9d73076977a5c289296e52ff22a9e267ceb29a64e6ab57f7cbe6f033e,8aaa7c20b8ad630ac4424a03c4bf30f6a66a89d8d92652bf62462e47fc9ee338,-,-,49456,True,True,0,0,217,46,False,"colab scope; stays in the repository, outside the installed package"
Synapse Retrival/README.md,colab,-,retain,origin,,Synapse Retrival/README.md,d0354e2a0a56d3a6823010dd64d2c325647abe11104bfa3083a3000ecf6bf233,d0354e2a0a56d3a6823010dd64d2c325647abe11104bfa3083a3000ecf6bf233,d0354e2a0a56d3a6823010dd64d2c325647abe11104bfa3083a3000ecf6bf233,-,-,4839,False,False,0,0,98,3,False,"colab scope; stays in the repository, outside the installed package"
Synapse Retrival/map_synapses_to_segments.py,colab,-,retain,origin,,Synapse Retrival/map_synapses_to_segments.py,27b225da3a4930baa8bd82cc83fa12769637732d0cd5952489ade213614acc2b,27b225da3a4930baa8bd82cc83fa12769637732d0cd5952489ade213614acc2b,27b225da3a4930baa8bd82cc83fa12769637732d0cd5952489ade213614acc2b,-,-,6501,True,True,0,0,176,21,False,"colab scope; stays in the repository, outside the installed package"
Synaptic Placement/Neural Simulation Documentation.pdf,colab,S0.7,discard,origin,,Synaptic Placement/Neural Simulation Documentation.pdf,d5300eb50e13a01c3732c1f21bde8f987952ef2f53e178010df3b665cc19116e,d5300eb50e13a01c3732c1f21bde8f987952ef2f53e178010df3b665cc19116e,d5300eb50e13a01c3732c1f21bde8f987952ef2f53e178010df3b665cc19116e,-,-,43562,False,False,0,1,252,21073,False,Committed binary payload. TEEG_01 rev 2 section 3.2: not referenced by any code path. D-8: moves to a separate repository; no history rewriting
Synaptic Placement/synaptic_placement (9).py,colab,-,retain,origin,,Synaptic Placement/synaptic_placement (9).py,799c4f7e41706617ff67f79226d5d26d0b0c1f919111a5aedef5e05988fbc896,a068ccaba84dc548c92a141e9afa9e45afcb5f864a032f71b3d730ffe24f0b8a,799c4f7e41706617ff67f79226d5d26d0b0c1f919111a5aedef5e05988fbc896,-,-,133948,True,True,0,0,3089,439,True,"colab scope; stays in the repository, outside the installed package"
TRANSCRIPTOMICS_PROTEOMICS/README.md,colab,-,retain,origin,,TRANSCRIPTOMICS_PROTEOMICS/README.md,e2f89bc4b9d29906988e2530955ca7dc1e665e254f91e282ef57100d2b12ff79,e2f89bc4b9d29906988e2530955ca7dc1e665e254f91e282ef57100d2b12ff79,e2f89bc4b9d29906988e2530955ca7dc1e665e254f91e282ef57100d2b12ff79,-,-,22,False,False,0,0,1,0,False,"colab scope; stays in the repository, outside the installed package"
TRANSCRIPTOMICS_PROTEOMICS/transcriptomics_proteomics (1).py,colab,-,retain,origin,,TRANSCRIPTOMICS_PROTEOMICS/transcriptomics_proteomics (1).py,24f7f063a7db853444a7cbaae3db18200811018c982f37c290e566d0e2de4b2c,24f7f063a7db853444a7cbaae3db18200811018c982f37c290e566d0e2de4b2c,24f7f063a7db853444a7cbaae3db18200811018c982f37c290e566d0e2de4b2c,-,-,9371,True,True,0,0,243,0,True,"colab scope; stays in the repository, outside the installed package"
automated_reconstruction.py,colab,-,retain,origin,,automated_reconstruction.py,e3ef1b5b95e641e2b55d2be76596e65c14181bd14b7d22a08bf8e69eb5db7a6c,463690b3363825591770d9795b6ac56f2782f4cfa197e2cd023af9b85e21016c,e3ef1b5b95e641e2b55d2be76596e65c14181bd14b7d22a08bf8e69eb5db7a6c,-,-,18168,True,True,0,0,261,113,True,"colab scope; stays in the repository, outside the installed package"
final_get_comparments_h10.py,colab,-,retain,origin,,final_get_comparments_h10.py,ed4b5602204872b7a28614ea5d7f0c2935c3c47a0cd37fd033ea5a635fd741a5,f967b32cd895d9d3f93c2a9bb45ebfdca6de550c5460da78f74e0e9f3b4bdf89,ed4b5602204872b7a28614ea5d7f0c2935c3c47a0cd37fd033ea5a635fd741a5,-,-,168045,True,True,0,0,4894,806,True,"colab scope; stays in the repository, outside the installed package"
utility.py,colab,-,retain,origin,,utility.py,2abb6c5f512e66a6e02339c002ffad9ed4ddfcf0c8bfef7f2f9e62cf77652075,a20f39eedd3bfd13a1d1c19bb8be7ef1cd71733cc8c856b0b90324f7b117fa3c,2abb6c5f512e66a6e02339c002ffad9ed4ddfcf0c8bfef7f2f9e62cf77652075,-,-,18889,True,True,0,0,530,85,True,"colab scope; stays in the repository, outside the installed package"
LEDGER.md,infrastructure,S0.0,new,origin,,LEDGER.md,0bf1493f9d0c685ddea7ca299bb7befcb9a2a54103402f9ff95044c05bd92dd2,5075a5ab0a0581000de7729f1752dd8765dd8961ef29fe31928f46cf15a620d5,0bf1493f9d0c685ddea7ca299bb7befcb9a2a54103402f9ff95044c05bd92dd2,-,-,42746,False,False,0,0,349,0,False,new infrastructure (byte-identity rule clause 3): nothing pre-existing depends on it
ledger.csv,infrastructure,S0.0,new,origin,,ledger.csv,67858dbf06cf4c32fec67117bcd1b5e4817bdf7c7df6f6218ac2b9faf5effcce,8f2951bdd603d8ebdbb1f889f53610c2ec7513bb7666005bebda91fead327427,32b1441d082e85361333a27bb5b873c5210665a176cd72c47946cdda59120dad,-,-,69741,False,False,0,157,157,0,False,new infrastructure (byte-identity rule clause 3): nothing pre-existing depends on it
tools/ancestors.json,infrastructure,S0.0,new,origin,,tools/ancestors.json,2a3e11918f5663e3b4b11ee54f1ab3c799f82b57268d1b76dd58d9d9ca9a3637,3a0672db37f83ed459d77beafd4a55121b6c51734893cdcb6014dbe93b9bf73b,2a3e11918f5663e3b4b11ee54f1ab3c799f82b57268d1b76dd58d9d9ca9a3637,-,-,6435,False,False,0,0,120,0,False,new infrastructure (byte-identity rule clause 3): nothing pre-existing depends on it
tools/build_ledger.py,infrastructure,S0.0,new,origin,,tools/build_ledger.py,0a379c8ef1f7e32e86c071be0f730de747c5a538d3905658cdf282c9e879ee2e,afb19b68ac9a44a02375e1834f307a8a984856af507ca7095dac0f596e3550cb,0a379c8ef1f7e32e86c071be0f730de747c5a538d3905658cdf282c9e879ee2e,-,-,5654,True,True,0,0,152,0,False,new infrastructure (byte-identity rule clause 3): nothing pre-existing depends on it
tools/phase_hashes.json,infrastructure,S0.0,new,origin,,tools/phase_hashes.json,fad001bef261396190db9c477b9d3862ec3794bfce5ec612b2fd58c8787951d8,fad001bef261396190db9c477b9d3862ec3794bfce5ec612b2fd58c8787951d8,-,-,-,39470,False,False,0,0,321,0,False,new infrastructure (byte-identity rule clause 3): nothing pre-existing depends on it
tools/s0_ledger/__init__.py,infrastructure,S0.0,new,origin,,tools/s0_ledger/__init__.py,7ec4151c232737af9c7802a1cfd97b804f16d717584ba6b09d327edb06a0f4e0,7ec4151c232737af9c7802a1cfd97b804f16d717584ba6b09d327edb06a0f4e0,7ec4151c232737af9c7802a1cfd97b804f16d717584ba6b09d327edb06a0f4e0,-,-,821,True,True,0,0,23,0,False,new infrastructure (byte-identity rule clause 3): nothing pre-existing depends on it
tools/s0_ledger/analyse.py,infrastructure,S0.0,new,origin,,tools/s0_ledger/analyse.py,a1fa58892074a2567805069e4629bb085395ba6c8ae1c819fa8f92a7da87162e,8cb68f8e03ad35767bd50c8ab70cacfb91fcaa92b19ad2e2c2d54e5563603d15,a1fa58892074a2567805069e4629bb085395ba6c8ae1c819fa8f92a7da87162e,-,-,13954,True,True,0,0,365,0,False,new infrastructure (byte-identity rule clause 3): nothing pre-existing depends on it
tools/s0_ledger/render.py,infrastructure,S0.0,new,origin,,tools/s0_ledger/render.py,5ae8d7abf0ce87e8509403d01f29dfa85322229646c8ea8b2b10e5b015bfc565,5ae8d7abf0ce87e8509403d01f29dfa85322229646c8ea8b2b10e5b015bfc565,5ae8d7abf0ce87e8509403d01f29dfa85322229646c8ea8b2b10e5b015bfc565,-,-,9087,True,True,0,0,241,0,False,new infrastructure (byte-identity rule clause 3): nothing pre-existing depends on it
tools/s0_ledger/scan.py,infrastructure,S0.0,new,origin,,tools/s0_ledger/scan.py,6d8862fa2ea6d03644eec1a5931f06b274f29ade84b4aa9cd26111017321f6b6,6d8862fa2ea6d03644eec1a5931f06b274f29ade84b4aa9cd26111017321f6b6,6d8862fa2ea6d03644eec1a5931f06b274f29ade84b4aa9cd26111017321f6b6,-,-,7019,True,True,0,0,204,0,False,new infrastructure (byte-identity rule clause 3): nothing pre-existing depends on it
tools/s0_transform/S02_discard.sh,infrastructure,S0.0,new,origin,,tools/s0_transform/S02_discard.sh,9e5b9e16be5d67138edb3a5d51cc27a875c494db27d74896bb3eaf1f84737d6b,9e5b9e16be5d67138edb3a5d51cc27a875c494db27d74896bb3eaf1f84737d6b,-,-,-,1543,False,False,0,0,44,0,False,new infrastructure (byte-identity rule clause 3): nothing pre-existing depends on it
tools/s0_transform/__init__.py,infrastructure,S0.0,new,origin,,tools/s0_transform/__init__.py,e9e6c067a8ae574f56fc2f2adcda461e72aea4a9585ddf25b650751d0c53f197,e9e6c067a8ae574f56fc2f2adcda461e72aea4a9585ddf25b650751d0c53f197,-,-,-,1042,True,True,0,0,22,0,False,new infrastructure (byte-identity rule clause 3): nothing pre-existing depends on it
tools/s0_transform/decolab.py,infrastructure,S0.0,new,origin,,tools/s0_transform/decolab.py,5bd38389248ff3489f68254544a6ebbcea11708f071b0157e218c45025cc4e05,5bd38389248ff3489f68254544a6ebbcea11708f071b0157e218c45025cc4e05,-,-,-,22701,True,True,0,0,599,0,False,new infrastructure (byte-identity rule clause 3): nothing pre-existing depends on it
tools/s0_transform/s02_colab_commands.json,infrastructure,S0.0,new,origin,,tools/s0_transform/s02_colab_commands.json,d5c039844cbc504b22b862d5867c40b1fb556c1c0bf76531c4f21f18a1cc5f67,d5c039844cbc504b22b862d5867c40b1fb556c1c0bf76531c4f21f18a1cc5f67,-,-,-,1750,False,False,0,0,45,0,False,new infrastructure (byte-identity rule clause 3): nothing pre-existing depends on it
tools/s0_transform/s02_targets.json,infrastructure,S0.0,new,origin,,tools/s0_transform/s02_targets.json,77796b350ad3029a579160ff7413a005fe4b9d1c549d1a7e980e51c822753326,77796b350ad3029a579160ff7413a005fe4b9d1c549d1a7e980e51c822753326,-,-,-,1824,False,False,0,0,32,0,False,new infrastructure (byte-identity rule clause 3): nothing pre-existing depends on it
tools/s0_transform/s02_transform_log.json,infrastructure,S0.0,new,origin,,tools/s0_transform/s02_transform_log.json,43f9086474d1d864dc39cf2ae252eb460af43b47bec3b9958b340aca35980bbd,43f9086474d1d864dc39cf2ae252eb460af43b47bec3b9958b340aca35980bbd,-,-,-,13753,False,False,0,0,359,0,False,new infrastructure (byte-identity rule clause 3): nothing pre-existing depends on it
tools/stamp_phase.py,infrastructure,S0.0,new,origin,,tools/stamp_phase.py,90ee55b76d3fc746069bd47ae0082e92579647c9caed5db9dc3ea2c1d7336870,90ee55b76d3fc746069bd47ae0082e92579647c9caed5db9dc3ea2c1d7336870,-,-,-,6929,True,True,0,0,182,0,False,new infrastructure (byte-identity rule clause 3): nothing pre-existing depends on it
tools/test_s0_decolab_smoke.py,infrastructure,S0.0,new,origin,,tools/test_s0_decolab_smoke.py,273c9324079fff8b201822fbf606261951bfa280c461aeb877924eb78590fb7e,273c9324079fff8b201822fbf606261951bfa280c461aeb877924eb78590fb7e,-,-,-,16135,True,True,0,0,449,0,False,new infrastructure (byte-identity rule clause 3): nothing pre-existing depends on it
tools/test_s0_ledger_smoke.py,infrastructure,S0.0,new,origin,,tools/test_s0_ledger_smoke.py,57eae0d12bc97eab2621409ae7903419a069444e85a575643010e7ed83d238cf,57eae0d12bc97eab2621409ae7903419a069444e85a575643010e7ed83d238cf,57eae0d12bc97eab2621409ae7903419a069444e85a575643010e7ed83d238cf,-,-,18560,True,True,0,0,417,0,False,new infrastructure (byte-identity rule clause 3): nothing pre-existing depends on it
Classes/Connectomics/Class.py,orchestrator,S0.4,keep,origin,,Classes/Connectomics/Class.py,2f58a6ae79a3239eeacb13d9d417b9256735a64fd29c37f9ae041c884e0f052f,2f58a6ae79a3239eeacb13d9d417b9256735a64fd29c37f9ae041c884e0f052f,2f58a6ae79a3239eeacb13d9d417b9256735a64fd29c37f9ae041c884e0f052f,-,-,30041,True,True,1,0,755,3,False,orchestrator source; enters the installed package
Classes/Connectomics/Connectomics Class Overview.pdf,orchestrator,S0.7,discard,origin,,Classes/Connectomics/Connectomics Class Overview.pdf,3cea1baed2e469161d20b455ee928166834b094c601e4bb6501fb25be4a2a2ef,3cea1baed2e469161d20b455ee928166834b094c601e4bb6501fb25be4a2a2ef,3cea1baed2e469161d20b455ee928166834b094c601e4bb6501fb25be4a2a2ef,-,-,73846,False,False,0,0,356,36214,False,Committed binary payload. TEEG_01 rev 2 section 3.2: not referenced by any code path. D-8: moves to a separate repository; no history rewriting
Classes/Connectomics/connectivity_buildup (9).py,orchestrator,S0.4,keep,origin,,Classes/Connectomics/connectivity_buildup (9).py,e62667fa6e5729b5f7f548ef992b0b9750a6e2ee66601a19641e7e27102faf9a,e62667fa6e5729b5f7f548ef992b0b9750a6e2ee66601a19641e7e27102faf9a,e62667fa6e5729b5f7f548ef992b0b9750a6e2ee66601a19641e7e27102faf9a,-,-,69864,True,True,6,0,1873,21,True,orchestrator source; enters the installed package
HybridLFPy Tweaked/Extract macro-population data/Extract_macropopulation.py,orchestrator,S0.4,keep,origin,,HybridLFPy Tweaked/Extract macro-population data/Extract_macropopulation.py,0bfb98e308b996e50726a25fde6de5235fa196db409c09cdd4f0eb9f6869f182,0bfb98e308b996e50726a25fde6de5235fa196db409c09cdd4f0eb9f6869f182,0bfb98e308b996e50726a25fde6de5235fa196db409c09cdd4f0eb9f6869f182,-,-,2943,True,True,0,0,75,0,False,orchestrator source; enters the installed package
HybridLFPy Tweaked/Extract macro-population data/Project README.pdf,orchestrator,S0.7,discard,origin,,HybridLFPy Tweaked/Extract macro-population data/Project README.pdf,95a6e04fd1bd3ae6fa8f186972d616341fa4ee6076f1e05e697e59fe52584ac3,95a6e04fd1bd3ae6fa8f186972d616341fa4ee6076f1e05e697e59fe52584ac3,95a6e04fd1bd3ae6fa8f186972d616341fa4ee6076f1e05e697e59fe52584ac3,-,-,54432,False,False,0,1,315,26362,False,Committed binary payload. TEEG_01 rev 2 section 3.2: not referenced by any code path. D-8: moves to a separate repository; no history rewriting
HybridLFPy Tweaked/Extract macro-population data/Usage_example.py,orchestrator,S0.4,keep,origin,,HybridLFPy Tweaked/Extract macro-population data/Usage_example.py,dc4828bb65d40bb0f65aec2b0f4c22bcca475f6f63fba9efd33d960511492018,dc4828bb65d40bb0f65aec2b0f4c22bcca475f6f63fba9efd33d960511492018,dc4828bb65d40bb0f65aec2b0f4c22bcca475f6f63fba9efd33d960511492018,-,-,40389,True,True,1,0,1052,12,False,orchestrator source; enters the installed package
HybridLFPy Tweaked/Population_multiMorph.py,orchestrator,S0.4,keep,origin,,HybridLFPy Tweaked/Population_multiMorph.py,43df1344230e88db75a6715a0b4f1a82f77ba096250b30cf09f68fa53edd4fff,35dbec718a35f3539766ae6f3736eb8d575ee73770b98949c56b024068356a70,43df1344230e88db75a6715a0b4f1a82f77ba096250b30cf09f68fa53edd4fff,-,-,61501,True,True,0,1784,1784,6,True,"ancestor of a working-branch file; superseded at S0.1, moved at S0.4"
HybridLFPy Tweaked/README.md,orchestrator,S0.4,keep,origin,,HybridLFPy Tweaked/README.md,8183e1b9cd57b4926e6804c23974648ec7ee516805580a35d48100e2911bbe48,8183e1b9cd57b4926e6804c23974648ec7ee516805580a35d48100e2911bbe48,8183e1b9cd57b4926e6804c23974648ec7ee516805580a35d48100e2911bbe48,-,-,400,False,False,0,0,6,0,False,orchestrator source; enters the installed package
HybridLFPy Tweaked/Utility_function.py,orchestrator,S0.4,keep,origin,,HybridLFPy Tweaked/Utility_function.py,9d3d29c8a9970f9466b6009b903f2a20435beb82317939ca3301b17bb0954f61,ec55afe6c0c1908583f80ca252d19f5412e59eea52b8883fa821ba4a7d4e73a7,9d3d29c8a9970f9466b6009b903f2a20435beb82317939ca3301b17bb0954f61,-,-,31104,True,True,0,748,748,156,False,"ancestor of a working-branch file; superseded at S0.1, moved at S0.4"
HybridLFPy Tweaked/hybrid_sim_evoked_with_EEG_multiMorph.py,orchestrator,S0.4,keep,origin,,HybridLFPy Tweaked/hybrid_sim_evoked_with_EEG_multiMorph.py,6c3ed490ba1416415e95f9903d8020b79dca1e41900865f219c8cb720ba8bd5e,566b2533299121d2f89278718050126ff66880a3165879794ca4d6ebcd4721f8,6c3ed490ba1416415e95f9903d8020b79dca1e41900865f219c8cb720ba8bd5e,-,-,11114,True,True,0,372,372,0,True,"ancestor of a working-branch file; superseded at S0.1, moved at S0.4"
HybridLFPy Tweaked/params_evoked_with_EEG_multiMorph.py,orchestrator,S0.4,keep,origin,,HybridLFPy Tweaked/params_evoked_with_EEG_multiMorph.py,927ee3d9cc0df07171796f627ed496c24e867cb8bb10fdc6110c02884523cf93,927ee3d9cc0df07171796f627ed496c24e867cb8bb10fdc6110c02884523cf93,927ee3d9cc0df07171796f627ed496c24e867cb8bb10fdc6110c02884523cf93,-,-,91358,True,True,2,0,2426,9,True,"ancestor of a working-branch file; superseded at S0.1, moved at S0.4"
Parames evoked with EEG/Params_evoked_with_EEG_multiMorph.py,orchestrator,S0.4,keep,origin,,Parames evoked with EEG/Params_evoked_with_EEG_multiMorph.py,de9169ec67d8b008b11fe0b69325d416090c89ad3788cbfb541158c5fcb3d6e7,de9169ec67d8b008b11fe0b69325d416090c89ad3788cbfb541158c5fcb3d6e7,de9169ec67d8b008b11fe0b69325d416090c89ad3788cbfb541158c5fcb3d6e7,-,-,41991,True,True,1,0,1176,0,True,orchestrator source; enters the installed package
Population/Population_multiMorph.py,orchestrator,S0.4,keep,origin,,Population/Population_multiMorph.py,78ce9475d76c296b68c973135c70ef3a9d1315a32ffa5645462a9c967c3a1721,78ce9475d76c296b68c973135c70ef3a9d1315a32ffa5645462a9c967c3a1721,78ce9475d76c296b68c973135c70ef3a9d1315a32ffa5645462a9c967c3a1721,-,-,78722,True,True,0,0,2264,0,True,orchestrator source; enters the installed package
Population/README.md,orchestrator,S0.4,keep,origin,,Population/README.md,ca11825113c5f8ab61fa8037543ef5776094042f00aabf809e0b23edff9086ae,ca11825113c5f8ab61fa8037543ef5776094042f00aabf809e0b23edff9086ae,ca11825113c5f8ab61fa8037543ef5776094042f00aabf809e0b23edff9086ae,-,-,276,False,False,0,0,3,0,False,orchestrator source; enters the installed package
Utility_fun.py,orchestrator,S0.1,keep,identical,T0,HybridLFPy Tweaked/Utility_function.py,9d3d29c8a9970f9466b6009b903f2a20435beb82317939ca3301b17bb0954f61,9d3d29c8a9970f9466b6009b903f2a20435beb82317939ca3301b17bb0954f61,-,-,-,31104,True,True,0,748,748,156,False,"TEEG_01 rev 2 section 3.3: ancestor plus three new functions (insert_mechanisms, get_gIhbar_L5_apical, get_gCa_HVA_apical); keep. Carries defects U1-U4, deferred to S3; bytes equal"
hybrid_sim_evoked_with_EEG_CHANGED.py,orchestrator,S0.1,keep,identical,T0,HybridLFPy Tweaked/hybrid_sim_evoked_with_EEG_multiMorph.py,6c3ed490ba1416415e95f9903d8020b79dca1e41900865f219c8cb720ba8bd5e,6c3ed490ba1416415e95f9903d8020b79dca1e41900865f219c8cb720ba8bd5e,-,-,-,11114,True,True,0,372,372,0,True,TEEG_01 rev 2 section 3.3: identical modulo a trailing newline; keep; bytes equal
params_evoked_with_EEG_CHANGED.py,orchestrator,S0.1,keep,identical,T0,HybridLFPy Tweaked/params_evoked_with_EEG_multiMorph.py,927ee3d9cc0df07171796f627ed496c24e867cb8bb10fdc6110c02884523cf93,927ee3d9cc0df07171796f627ed496c24e867cb8bb10fdc6110c02884523cf93,-,-,-,91358,True,True,2,0,2426,9,True,TEEG_01 rev 2 section 3.3: byte-identical to the snapshot; keep; bytes equal
population_CHANGED.py,orchestrator,S0.1,keep,identical,T0,HybridLFPy Tweaked/Population_multiMorph.py,43df1344230e88db75a6715a0b4f1a82f77ba096250b30cf09f68fa53edd4fff,43df1344230e88db75a6715a0b4f1a82f77ba096250b30cf09f68fa53edd4fff,-,-,-,61501,True,True,0,1784,1784,6,True,"TEEG_01 rev 2 section 3.3: ancestor plus 7 lines, an empty tonic-inhibition placeholder comment in cellsim; keep. Not a mechanical transform; legitimate because S0.1 commits it, making it the ancestor for everything downstream; bytes equal"
Passive Features/Allen Institute Data/README.md,passive,-,retain,origin,,Passive Features/Allen Institute Data/README.md,954aa51240c9e2ad0b63fc4303795418a29832a1f69a93b23459146f40d30d06,954aa51240c9e2ad0b63fc4303795418a29832a1f69a93b23459146f40d30d06,954aa51240c9e2ad0b63fc4303795418a29832a1f69a93b23459146f40d30d06,-,-,60,False,False,0,0,1,0,False,"passive scope; stays in the repository, outside the installed package"
Passive Features/Allen Institute Data/save_alleninstitute_data (6).py,passive,-,retain,origin,,Passive Features/Allen Institute Data/save_alleninstitute_data (6).py,84bf34764750b561e7918beb53c96dd2aced1ba2d4782ad7cb6fd4437aa645ab,9d8ccf9f56986e39ca95e8c21855fb81347eb4eaf71e9519d149ce3852194d06,84bf34764750b561e7918beb53c96dd2aced1ba2d4782ad7cb6fd4437aa645ab,-,-,776587,True,True,0,0,17425,56091,True,"passive scope; stays in the repository, outside the installed package"
Passive Features/Allen Institute Data/trace_qc (1).py,passive,-,retain,origin,,Passive Features/Allen Institute Data/trace_qc (1).py,5d983eb7cc91a24d92da6ec1ccda242fed8eac5d346cbe72706e71848de95176,5d983eb7cc91a24d92da6ec1ccda242fed8eac5d346cbe72706e71848de95176,5d983eb7cc91a24d92da6ec1ccda242fed8eac5d346cbe72706e71848de95176,-,-,35097,True,True,0,0,793,24,False,"passive scope; stays in the repository, outside the installed package"
Passive Features/Allen Institute Data/trace_qc_v2.py,passive,-,retain,origin,,Passive Features/Allen Institute Data/trace_qc_v2.py,3baf0064e73fbd2ec3363ba3101d796451ac1dd801bbdf21d1cc1263e86bc1ce,3baf0064e73fbd2ec3363ba3101d796451ac1dd801bbdf21d1cc1263e86bc1ce,3baf0064e73fbd2ec3363ba3101d796451ac1dd801bbdf21d1cc1263e86bc1ce,-,-,59221,True,True,0,0,1182,27,False,"passive scope; stays in the repository, outside the installed package"
Passive Features/HPC script/Biological Fit/Biological_Passive_Fit_HPC_Guide.md,passive,-,retain,origin,,Passive Features/HPC script/Biological Fit/Biological_Passive_Fit_HPC_Guide.md,d5294b571c9bb73dd2c2b99ced69016c9700e63ea2c4614885efde68c2ef682c,d5294b571c9bb73dd2c2b99ced69016c9700e63ea2c4614885efde68c2ef682c,d5294b571c9bb73dd2c2b99ced69016c9700e63ea2c4614885efde68c2ef682c,-,-,30854,False,False,0,0,609,601,False,"passive scope; stays in the repository, outside the installed package"
Passive Features/HPC script/Biological Fit/README.md,passive,-,retain,origin,,Passive Features/HPC script/Biological Fit/README.md,1867dde1be4fe80b2acd74414d615dbecfb60c22701ad3cb202aefdaaebd2d53,1867dde1be4fe80b2acd74414d615dbecfb60c22701ad3cb202aefdaaebd2d53,1867dde1be4fe80b2acd74414d615dbecfb60c22701ad3cb202aefdaaebd2d53,-,-,49,False,False,0,0,1,0,False,"passive scope; stays in the repository, outside the installed package"
Passive Features/HPC script/Biological Fit/cm_profile_sweep.py,passive,-,retain,origin,,Passive Features/HPC script/Biological Fit/cm_profile_sweep.py,236b3827d6fd0ff0895d3b747ee377acbdb7cdcec3515160cf9481a7cca58305,236b3827d6fd0ff0895d3b747ee377acbdb7cdcec3515160cf9481a7cca58305,236b3827d6fd0ff0895d3b747ee377acbdb7cdcec3515160cf9481a7cca58305,-,-,23715,True,True,0,0,509,0,True,"passive scope; stays in the repository, outside the installed package"
Passive Features/HPC script/Biological Fit/passive_fitting_hpc_fixed.py,passive,-,retain,origin,,Passive Features/HPC script/Biological Fit/passive_fitting_hpc_fixed.py,6c95c3accb424447267be8a9a440c84fe9b2dbe099175a48d6802228d3d892c3,6c95c3accb424447267be8a9a440c84fe9b2dbe099175a48d6802228d3d892c3,6c95c3accb424447267be8a9a440c84fe9b2dbe099175a48d6802228d3d892c3,-,-,312943,True,True,0,0,7544,22888,True,"passive scope; stays in the repository, outside the installed package"
Passive Features/HPC script/Biological Fit/passive_long_step_training.py,passive,-,retain,origin,,Passive Features/HPC script/Biological Fit/passive_long_step_training.py,845c4459dbbb8b9446df53ee125c9862f48b51abab1057c361fad785581c1572,845c4459dbbb8b9446df53ee125c9862f48b51abab1057c361fad785581c1572,845c4459dbbb8b9446df53ee125c9862f48b51abab1057c361fad785581c1572,-,-,28084,True,True,0,0,572,6,True,"passive scope; stays in the repository, outside the installed package"
Passive Features/HPC script/Biological Fit/run_biological_fit.py,passive,-,retain,origin,,Passive Features/HPC script/Biological Fit/run_biological_fit.py,97f67b587144b49ea0a0ce638345114e9c9e0359b8818e253ae5602d781dc70a,97f67b587144b49ea0a0ce638345114e9c9e0359b8818e253ae5602d781dc70a,97f67b587144b49ea0a0ce638345114e9c9e0359b8818e253ae5602d781dc70a,-,-,31810,True,True,0,0,661,0,True,"passive scope; stays in the repository, outside the installed package"
Passive Features/HPC script/Biological Fit/smoke_run_biological_fit.py,passive,-,retain,origin,,Passive Features/HPC script/Biological Fit/smoke_run_biological_fit.py,9f2f46440e03323116f04cafe9b7cb2882df953d13f6f57d980414981e07bf90,9f2f46440e03323116f04cafe9b7cb2882df953d13f6f57d980414981e07bf90,9f2f46440e03323116f04cafe9b7cb2882df953d13f6f57d980414981e07bf90,-,-,7200,True,True,0,0,165,0,True,"passive scope; stays in the repository, outside the installed package"
Passive Features/HPC script/Biological Fit/submit_all_groups_biological.sh,passive,-,retain,origin,,Passive Features/HPC script/Biological Fit/submit_all_groups_biological.sh,8c3fd53e2abe8e8ad707d199a6c7e69e89c0ae4081d9de1f2c28e770963003f1,8c3fd53e2abe8e8ad707d199a6c7e69e89c0ae4081d9de1f2c28e770963003f1,8c3fd53e2abe8e8ad707d199a6c7e69e89c0ae4081d9de1f2c28e770963003f1,-,-,4063,False,False,0,0,111,0,False,"passive scope; stays in the repository, outside the installed package"
Passive Features/HPC script/Biological Fit/submit_biological_fit.sh,passive,-,retain,origin,,Passive Features/HPC script/Biological Fit/submit_biological_fit.sh,da07d3283977e129a7e5b409986c373aed428bc02f2ba068d918c1197cfd4d67,da07d3283977e129a7e5b409986c373aed428bc02f2ba068d918c1197cfd4d67,da07d3283977e129a7e5b409986c373aed428bc02f2ba068d918c1197cfd4d67,-,-,9775,False,False,0,0,203,0,False,"passive scope; stays in the repository, outside the installed package"
Passive Features/HPC script/Error_Log.txt,passive,-,retain,origin,,Passive Features/HPC script/Error_Log.txt,042dc06898fa39f9ceedad5aefbe47b4ee8a221c92b52c51fa7fa27e2df367a8,042dc06898fa39f9ceedad5aefbe47b4ee8a221c92b52c51fa7fa27e2df367a8,042dc06898fa39f9ceedad5aefbe47b4ee8a221c92b52c51fa7fa27e2df367a8,-,-,4290,False,False,0,0,67,0,False,"passive scope; stays in the repository, outside the installed package"
Passive Features/HPC script/Multiple Sweeps with phase 2.5/README.md,passive,-,retain,origin,,Passive Features/HPC script/Multiple Sweeps with phase 2.5/README.md,6e924b9543d3f79db56dc34e2d954aaa451b8a7b5c867fa2beb59170e92f415c,6e924b9543d3f79db56dc34e2d954aaa451b8a7b5c867fa2beb59170e92f415c,6e924b9543d3f79db56dc34e2d954aaa451b8a7b5c867fa2beb59170e92f415c,-,-,22,False,False,0,0,2,0,False,"passive scope; stays in the repository, outside the installed package"
Passive Features/HPC script/Multiple Sweeps with phase 2.5/passive_fitting_hpc_fixed.py,passive,-,retain,origin,,Passive Features/HPC script/Multiple Sweeps with phase 2.5/passive_fitting_hpc_fixed.py,6c95c3accb424447267be8a9a440c84fe9b2dbe099175a48d6802228d3d892c3,6c95c3accb424447267be8a9a440c84fe9b2dbe099175a48d6802228d3d892c3,6c95c3accb424447267be8a9a440c84fe9b2dbe099175a48d6802228d3d892c3,-,-,312943,True,True,0,0,7544,22888,True,"passive scope; stays in the repository, outside the installed package"
Passive Features/HPC script/Multiple Sweeps with phase 2.5/passive_fitting_hpc_fixed_description.md,passive,-,retain,origin,,Passive Features/HPC script/Multiple Sweeps with phase 2.5/passive_fitting_hpc_fixed_description.md,ea52844dec911a76ac6d8d1885e188c6a6dffda62bfcd886ecfe4131cde77757,ea52844dec911a76ac6d8d1885e188c6a6dffda62bfcd886ecfe4131cde77757,ea52844dec911a76ac6d8d1885e188c6a6dffda62bfcd886ecfe4131cde77757,-,-,24717,False,False,0,0,378,137,False,"passive scope; stays in the repository, outside the installed package"
Passive Features/HPC script/Multiple nodes/README.md,passive,-,retain,origin,,Passive Features/HPC script/Multiple nodes/README.md,cd1425d8e2bcd7714e342d148ca953ba657c6cffad83bf1a2cb6c3dcdb66e9ee,cd1425d8e2bcd7714e342d148ca953ba657c6cffad83bf1a2cb6c3dcdb66e9ee,cd1425d8e2bcd7714e342d148ca953ba657c6cffad83bf1a2cb6c3dcdb66e9ee,-,-,27,False,False,0,0,1,0,False,"passive scope; stays in the repository, outside the installed package"
Passive Features/HPC script/Multiple nodes/submit_all_groups.sh,passive,-,retain,origin,,Passive Features/HPC script/Multiple nodes/submit_all_groups.sh,57ddbfda6712fb5bd80adc00ad42388cb9f54e7a600d0ff2f314f698d7da5278,57ddbfda6712fb5bd80adc00ad42388cb9f54e7a600d0ff2f314f698d7da5278,57ddbfda6712fb5bd80adc00ad42388cb9f54e7a600d0ff2f314f698d7da5278,-,-,4225,False,False,0,0,109,564,False,"passive scope; stays in the repository, outside the installed package"
Passive Features/HPC script/Multiple nodes/submit_passive_fit.sh,passive,-,retain,origin,,Passive Features/HPC script/Multiple nodes/submit_passive_fit.sh,94cf1cd080abb11a25dbe876319384ddf750a77ef1d8aed18a5dd7bd17b17bee,94cf1cd080abb11a25dbe876319384ddf750a77ef1d8aed18a5dd7bd17b17bee,94cf1cd080abb11a25dbe876319384ddf750a77ef1d8aed18a5dd7bd17b17bee,-,-,8362,False,False,0,0,171,1529,False,"passive scope; stays in the repository, outside the installed package"
Passive Features/HPC script/README.md,passive,-,retain,origin,,Passive Features/HPC script/README.md,b3662fa0410a8bf22721862ac6ee6d13f6d7152b649550b5ec19b04c53b5230e,b3662fa0410a8bf22721862ac6ee6d13f6d7152b649550b5ec19b04c53b5230e,b3662fa0410a8bf22721862ac6ee6d13f6d7152b649550b5ec19b04c53b5230e,-,-,36,False,False,0,0,1,0,False,"passive scope; stays in the repository, outside the installed package"
Passive Features/HPC script/Synthetic Passive fit Test/Ih.mod,passive,-,retain,origin,,Passive Features/HPC script/Synthetic Passive fit Test/Ih.mod,c989a36d9730c06bfe3bcc75160e053a46df73147d1659edd8867faac7c297fb,c989a36d9730c06bfe3bcc75160e053a46df73147d1659edd8867faac7c297fb,c989a36d9730c06bfe3bcc75160e053a46df73147d1659edd8867faac7c297fb,-,-,1912,False,False,0,0,80,0,False,"passive scope; stays in the repository, outside the installed package"
Passive Features/HPC script/Synthetic Passive fit Test/README.md,passive,-,retain,origin,,Passive Features/HPC script/Synthetic Passive fit Test/README.md,8a29244b39cee17888e5708bafa9ead4836d4166db61766e8269c119444acd0e,8a29244b39cee17888e5708bafa9ead4836d4166db61766e8269c119444acd0e,8a29244b39cee17888e5708bafa9ead4836d4166db61766e8269c119444acd0e,-,-,61,False,False,0,0,1,0,False,"passive scope; stays in the repository, outside the installed package"
Passive Features/HPC script/Synthetic Passive fit Test/aggregate_synth_results.py,passive,-,retain,origin,,Passive Features/HPC script/Synthetic Passive fit Test/aggregate_synth_results.py,d995c1b46af7e3a42d1de0a873bc882497f68a6cf331138e8b5c094727d4954c,d995c1b46af7e3a42d1de0a873bc882497f68a6cf331138e8b5c094727d4954c,d995c1b46af7e3a42d1de0a873bc882497f68a6cf331138e8b5c094727d4954c,-,-,24634,True,True,0,0,513,3,True,"passive scope; stays in the repository, outside the installed package"
Passive Features/HPC script/Synthetic Passive fit Test/benchmark_usage_guide.md,passive,-,retain,origin,,Passive Features/HPC script/Synthetic Passive fit Test/benchmark_usage_guide.md,9dfd962d4bc679d7d4627ea47f25ea7810656e1178ff34fad9b4b8d26695bd90,9dfd962d4bc679d7d4627ea47f25ea7810656e1178ff34fad9b4b8d26695bd90,9dfd962d4bc679d7d4627ea47f25ea7810656e1178ff34fad9b4b8d26695bd90,-,-,17655,False,False,0,0,356,600,False,"passive scope; stays in the repository, outside the installed package"
Passive Features/HPC script/Synthetic Passive fit Test/cm_profile_sweep.py,passive,-,retain,origin,,Passive Features/HPC script/Synthetic Passive fit Test/cm_profile_sweep.py,236b3827d6fd0ff0895d3b747ee377acbdb7cdcec3515160cf9481a7cca58305,236b3827d6fd0ff0895d3b747ee377acbdb7cdcec3515160cf9481a7cca58305,236b3827d6fd0ff0895d3b747ee377acbdb7cdcec3515160cf9481a7cca58305,-,-,23715,True,True,0,0,509,0,True,"passive scope; stays in the repository, outside the installed package"
Passive Features/HPC script/Synthetic Passive fit Test/gen_from_manifest.py,passive,-,retain,origin,,Passive Features/HPC script/Synthetic Passive fit Test/gen_from_manifest.py,bdf4f6d72683b0072c013b7920949a99bd38e70cfd5ef1418fc7c851864ae84b,bdf4f6d72683b0072c013b7920949a99bd38e70cfd5ef1418fc7c851864ae84b,bdf4f6d72683b0072c013b7920949a99bd38e70cfd5ef1418fc7c851864ae84b,-,-,7747,True,True,0,0,174,3,True,"passive scope; stays in the repository, outside the installed package"
Passive Features/HPC script/Synthetic Passive fit Test/kv.mod,passive,-,retain,origin,,Passive Features/HPC script/Synthetic Passive fit Test/kv.mod,c97ebc7abff9ecd02ca08cadcb969d64b156b1d485c199e82e40fc185611211c,c97ebc7abff9ecd02ca08cadcb969d64b156b1d485c199e82e40fc185611211c,c97ebc7abff9ecd02ca08cadcb969d64b156b1d485c199e82e40fc185611211c,-,-,4046,False,False,0,0,158,0,False,"passive scope; stays in the repository, outside the installed package"
Passive Features/HPC script/Synthetic Passive fit Test/na.mod,passive,-,retain,origin,,Passive Features/HPC script/Synthetic Passive fit Test/na.mod,e8fda3334266d2f0614b988e6ef9f60c1e5f22de4c42d64b85bf4f9253e94559,e8fda3334266d2f0614b988e6ef9f60c1e5f22de4c42d64b85bf4f9253e94559,e8fda3334266d2f0614b988e6ef9f60c1e5f22de4c42d64b85bf4f9253e94559,-,-,4978,False,False,0,0,200,0,False,"passive scope; stays in the repository, outside the installed package"
Passive Features/HPC script/Synthetic Passive fit Test/passive_consistency_diagnostic.py,passive,-,retain,origin,,Passive Features/HPC script/Synthetic Passive fit Test/passive_consistency_diagnostic.py,844c92272e118027cb9d4981cf4879507af0e6c96338d01b57074fd944835ee0,844c92272e118027cb9d4981cf4879507af0e6c96338d01b57074fd944835ee0,844c92272e118027cb9d4981cf4879507af0e6c96338d01b57074fd944835ee0,-,-,13649,True,True,0,0,334,0,True,"passive scope; stays in the repository, outside the installed package"
Passive Features/HPC script/Synthetic Passive fit Test/passive_fitting_hpc_fixed.py,passive,-,retain,origin,,Passive Features/HPC script/Synthetic Passive fit Test/passive_fitting_hpc_fixed.py,6c95c3accb424447267be8a9a440c84fe9b2dbe099175a48d6802228d3d892c3,6c95c3accb424447267be8a9a440c84fe9b2dbe099175a48d6802228d3d892c3,6c95c3accb424447267be8a9a440c84fe9b2dbe099175a48d6802228d3d892c3,-,-,312943,True,True,0,0,7544,22888,True,"passive scope; stays in the repository, outside the installed package"
Passive Features/HPC script/Synthetic Passive fit Test/passive_long_step_training.py,passive,-,retain,origin,,Passive Features/HPC script/Synthetic Passive fit Test/passive_long_step_training.py,845c4459dbbb8b9446df53ee125c9862f48b51abab1057c361fad785581c1572,845c4459dbbb8b9446df53ee125c9862f48b51abab1057c361fad785581c1572,845c4459dbbb8b9446df53ee125c9862f48b51abab1057c361fad785581c1572,-,-,28084,True,True,0,0,572,6,True,"passive scope; stays in the repository, outside the installed package"
Passive Features/HPC script/Synthetic Passive fit Test/run_synth_benchmark.py,passive,-,retain,origin,,Passive Features/HPC script/Synthetic Passive fit Test/run_synth_benchmark.py,2f62abb5249f34603fe754c89797c1f46587b348f8e8dd70ec971406f772c18f,2f62abb5249f34603fe754c89797c1f46587b348f8e8dd70ec971406f772c18f,2f62abb5249f34603fe754c89797c1f46587b348f8e8dd70ec971406f772c18f,-,-,22072,True,True,0,0,458,60,True,"passive scope; stays in the repository, outside the installed package"
Passive Features/HPC script/Synthetic Passive fit Test/smoke_aggregate_synth_results.py,passive,-,retain,origin,,Passive Features/HPC script/Synthetic Passive fit Test/smoke_aggregate_synth_results.py,2d27a88355caac66cc4b4fe91bc323409f5c574e192979e051a96308e51282bf,2d27a88355caac66cc4b4fe91bc323409f5c574e192979e051a96308e51282bf,2d27a88355caac66cc4b4fe91bc323409f5c574e192979e051a96308e51282bf,-,-,5498,True,True,0,0,130,0,True,"passive scope; stays in the repository, outside the installed package"
Passive Features/HPC script/Synthetic Passive fit Test/smoke_gen_from_manifest.py,passive,-,retain,origin,,Passive Features/HPC script/Synthetic Passive fit Test/smoke_gen_from_manifest.py,eb9f612cdc9481e8b7db222d34d436febdbf351cadc581e532d0df0146c305e2,eb9f612cdc9481e8b7db222d34d436febdbf351cadc581e532d0df0146c305e2,eb9f612cdc9481e8b7db222d34d436febdbf351cadc581e532d0df0146c305e2,-,-,3485,True,True,0,0,82,0,True,"passive scope; stays in the repository, outside the installed package"
Passive Features/HPC script/Synthetic Passive fit Test/smoke_run_synth_benchmark.py,passive,-,retain,origin,,Passive Features/HPC script/Synthetic Passive fit Test/smoke_run_synth_benchmark.py,769ea0d8f7d2f6cb8e4365ab72003051b32198bba206113061bb2810d57000ca,769ea0d8f7d2f6cb8e4365ab72003051b32198bba206113061bb2810d57000ca,769ea0d8f7d2f6cb8e4365ab72003051b32198bba206113061bb2810d57000ca,-,-,3755,True,True,0,0,90,0,True,"passive scope; stays in the repository, outside the installed package"
Passive Features/HPC script/Synthetic Passive fit Test/smoke_synth_gt_grid.py,passive,-,retain,origin,,Passive Features/HPC script/Synthetic Passive fit Test/smoke_synth_gt_grid.py,e8787fd8fe2860a3ffa0ca1d091214e2ad839957830e79557f2f636a671cfbfe,e8787fd8fe2860a3ffa0ca1d091214e2ad839957830e79557f2f636a671cfbfe,e8787fd8fe2860a3ffa0ca1d091214e2ad839957830e79557f2f636a671cfbfe,-,-,6621,True,True,0,0,144,0,True,"passive scope; stays in the repository, outside the installed package"
Passive Features/HPC script/Synthetic Passive fit Test/submit_all_cohorts.sh,passive,-,retain,origin,,Passive Features/HPC script/Synthetic Passive fit Test/submit_all_cohorts.sh,1bca074081520e51ca045e4d33437f42a0599d63dbb52c6b82fb6072b3ebdaeb,1bca074081520e51ca045e4d33437f42a0599d63dbb52c6b82fb6072b3ebdaeb,1bca074081520e51ca045e4d33437f42a0599d63dbb52c6b82fb6072b3ebdaeb,-,-,5683,False,False,0,0,150,0,False,"passive scope; stays in the repository, outside the installed package"
Passive Features/HPC script/Synthetic Passive fit Test/submit_synth_benchmark.sh,passive,-,retain,origin,,Passive Features/HPC script/Synthetic Passive fit Test/submit_synth_benchmark.sh,0bf477ce6ab6e43cbbaa98cb4f81a7a78851aaa78483e42f9d1cf7717a1676bf,0bf477ce6ab6e43cbbaa98cb4f81a7a78851aaa78483e42f9d1cf7717a1676bf,0bf477ce6ab6e43cbbaa98cb4f81a7a78851aaa78483e42f9d1cf7717a1676bf,-,-,10974,False,False,0,0,211,1497,False,"passive scope; stays in the repository, outside the installed package"
Passive Features/HPC script/Synthetic Passive fit Test/synth_gt_grid.py,passive,-,retain,origin,,Passive Features/HPC script/Synthetic Passive fit Test/synth_gt_grid.py,495d2c4eb558ebb86e60a76bfffe7e83aa616281f91de9f9eac46a32c03345d7,495d2c4eb558ebb86e60a76bfffe7e83aa616281f91de9f9eac46a32c03345d7,495d2c4eb558ebb86e60a76bfffe7e83aa616281f91de9f9eac46a32c03345d7,-,-,24603,True,True,0,0,569,0,True,"passive scope; stays in the repository, outside the installed package"
Passive Features/HPC script/Synthetic Passive fit Test/synthetic_ground_truth.py,passive,-,retain,origin,,Passive Features/HPC script/Synthetic Passive fit Test/synthetic_ground_truth.py,fd1bebcaba5b2be960c658648cf173a4b95a64f9f1ed0b562bc2c97a044cc9f5,fd1bebcaba5b2be960c658648cf173a4b95a64f9f1ed0b562bc2c97a044cc9f5,fd1bebcaba5b2be960c658648cf173a4b95a64f9f1ed0b562bc2c97a044cc9f5,-,-,43440,True,True,0,0,914,0,True,"passive scope; stays in the repository, outside the installed package"
Passive Features/HPC script/passive_fit.e1099100,passive,S0.7,discard,origin,,Passive Features/HPC script/passive_fit.e1099100,856f6afb4ea7029cf54cf33e51dd79681976d064671688f43268eb28a548403a,856f6afb4ea7029cf54cf33e51dd79681976d064671688f43268eb28a548403a,856f6afb4ea7029cf54cf33e51dd79681976d064671688f43268eb28a548403a,-,-,86458,False,False,0,0,764,0,False,"PROPOSED ADDITION, not in the TEEG_01 register. Committed PBS job log. These are the logs used to WITHDRAW the encoding-failure claim, so they are evidence: move to the payload repository (D-8), do not delete"
Passive Features/HPC script/passive_fit.e1099156,passive,S0.7,discard,origin,,Passive Features/HPC script/passive_fit.e1099156,3c03fe908847ddc166df24a206b1439acd47ebc493a226c2270b22d3e98f024f,3c03fe908847ddc166df24a206b1439acd47ebc493a226c2270b22d3e98f024f,3c03fe908847ddc166df24a206b1439acd47ebc493a226c2270b22d3e98f024f,-,-,5271,False,False,0,0,129,0,False,"PROPOSED ADDITION, not in the TEEG_01 register. Committed PBS job log; move to the payload repository (D-8), do not delete"
Passive Features/HPC script/passive_fit.e1099215,passive,S0.7,discard,origin,,Passive Features/HPC script/passive_fit.e1099215,87501536b336a02b4ed0be51298daf5f073272432eb76182ac2e52217282cf3f,87501536b336a02b4ed0be51298daf5f073272432eb76182ac2e52217282cf3f,87501536b336a02b4ed0be51298daf5f073272432eb76182ac2e52217282cf3f,-,-,19419,False,False,0,0,228,0,False,"PROPOSED ADDITION, not in the TEEG_01 register. Committed PBS job log; move to the payload repository (D-8), do not delete"
Passive Features/HPC script/passive_fit.o1099100,passive,S0.7,discard,origin,,Passive Features/HPC script/passive_fit.o1099100,2c2f8bc9b1e7b99a65461c85f1dcc72e2533e5ffbf5223893b3eb631ec0510ae,2c2f8bc9b1e7b99a65461c85f1dcc72e2533e5ffbf5223893b3eb631ec0510ae,2c2f8bc9b1e7b99a65461c85f1dcc72e2533e5ffbf5223893b3eb631ec0510ae,-,-,16377,False,False,0,0,347,219,False,"PROPOSED ADDITION, not in the TEEG_01 register. Committed PBS job log; move to the payload repository (D-8), do not delete"
Passive Features/HPC script/passive_fit.o1099156,passive,S0.7,discard,origin,,Passive Features/HPC script/passive_fit.o1099156,ef17cc6efc8ef0f4d4577ba74f5f769d5f5dd125eaee5e8e5471ebe062673887,ef17cc6efc8ef0f4d4577ba74f5f769d5f5dd125eaee5e8e5471ebe062673887,ef17cc6efc8ef0f4d4577ba74f5f769d5f5dd125eaee5e8e5471ebe062673887,-,-,2321,False,False,0,0,45,26,False,"PROPOSED ADDITION, not in the TEEG_01 register. Committed PBS job log; move to the payload repository (D-8), do not delete"
Passive Features/HPC script/passive_fit.o1099215,passive,S0.7,discard,origin,,Passive Features/HPC script/passive_fit.o1099215,c69560156a4e3a3aa2f0c804f79d4c118c86f91b7ffea0f6ee448b2b7e77abb9,c69560156a4e3a3aa2f0c804f79d4c118c86f91b7ffea0f6ee448b2b7e77abb9,c69560156a4e3a3aa2f0c804f79d4c118c86f91b7ffea0f6ee448b2b7e77abb9,-,-,10497,False,False,0,0,242,85,False,"PROPOSED ADDITION, not in the TEEG_01 register. Committed PBS job log; move to the payload repository (D-8), do not delete"
Passive Features/HPC script/passive_fitting_hpc_fixed.py,passive,-,retain,origin,,Passive Features/HPC script/passive_fitting_hpc_fixed.py,366381884ca2a7d76b9db1a153a7e3ec28793ff6ec8f05f9a7e1571dffaf297f,366381884ca2a7d76b9db1a153a7e3ec28793ff6ec8f05f9a7e1571dffaf297f,366381884ca2a7d76b9db1a153a7e3ec28793ff6ec8f05f9a7e1571dffaf297f,-,-,273516,True,True,0,0,6673,18117,True,"passive scope; stays in the repository, outside the installed package"
Passive Features/HPC script/requirements.txt,passive,-,retain,origin,,Passive Features/HPC script/requirements.txt,f0fbc7ed8c52040253bb3dca90d6477810f9299d219441a59fcfedd8703f6e7b,f0fbc7ed8c52040253bb3dca90d6477810f9299d219441a59fcfedd8703f6e7b,f0fbc7ed8c52040253bb3dca90d6477810f9299d219441a59fcfedd8703f6e7b,-,-,3049,False,False,0,0,59,513,False,"passive scope; stays in the repository, outside the installed package"
Passive Features/HPC script/submit_passive_fit.sh,passive,-,retain,origin,,Passive Features/HPC script/submit_passive_fit.sh,aaf476707ddcb01b059b645581da191a877d164f3768efe848b14fef8e7607f4,aaf476707ddcb01b059b645581da191a877d164f3768efe848b14fef8e7607f4,aaf476707ddcb01b059b645581da191a877d164f3768efe848b14fef8e7607f4,-,-,4412,False,False,0,0,98,984,False,"passive scope; stays in the repository, outside the installed package"
Passive Features/HPC script/test_pickle_roundtrip.py,passive,-,retain,origin,,Passive Features/HPC script/test_pickle_roundtrip.py,4f9e385f9bad6cadb7b503d7c79374f8301668be8ff5c79aa3262f2045cc4b5c,4f9e385f9bad6cadb7b503d7c79374f8301668be8ff5c79aa3262f2045cc4b5c,4f9e385f9bad6cadb7b503d7c79374f8301668be8ff5c79aa3262f2045cc4b5c,-,-,3477,True,True,0,0,97,0,False,"passive scope; stays in the repository, outside the installed package"
Passive Features/Passive Allen Data/L2/README.md,passive,-,retain,origin,,Passive Features/Passive Allen Data/L2/README.md,3bb5a022d1b944cc3fecaf0c16917a19ee53ef74c4157e96138e20206e296cb0,3bb5a022d1b944cc3fecaf0c16917a19ee53ef74c4157e96138e20206e296cb0,3bb5a022d1b944cc3fecaf0c16917a19ee53ef74c4157e96138e20206e296cb0,-,-,23,False,False,0,0,1,0,False,"passive scope; stays in the repository, outside the installed package"
Passive Features/Passive Allen Data/L2/candidates.csv,passive,-,retain,origin,,Passive Features/Passive Allen Data/L2/candidates.csv,8dc7a8e93c70fa4a54eb855127f08efdb997dbd001b4dcce1b0ebc26bc0488b0,8dc7a8e93c70fa4a54eb855127f08efdb997dbd001b4dcce1b0ebc26bc0488b0,8dc7a8e93c70fa4a54eb855127f08efdb997dbd001b4dcce1b0ebc26bc0488b0,-,-,628,False,False,0,0,11,0,False,"passive scope; stays in the repository, outside the installed package"
Passive Features/Passive Allen Data/L2/manifest.json,passive,-,retain,origin,,Passive Features/Passive Allen Data/L2/manifest.json,bb58c613686137e87f5201e8a596b7258bdab0419197662723845ee399b0391a,bb58c613686137e87f5201e8a596b7258bdab0419197662723845ee399b0391a,bb58c613686137e87f5201e8a596b7258bdab0419197662723845ee399b0391a,-,-,1143,False,False,0,0,60,0,False,"passive scope; stays in the repository, outside the installed package"
Passive Features/Passive Allen Data/L2/specimen_528706755.zip,passive,S0.7,discard,origin,,Passive Features/Passive Allen Data/L2/specimen_528706755.zip,579910a148da765d936b03d050d07ef10b97713cbd528778ae013d86501f591a,579910a148da765d936b03d050d07ef10b97713cbd528778ae013d86501f591a,579910a148da765d936b03d050d07ef10b97713cbd528778ae013d86501f591a,-,-,16782700,False,False,0,171,59451,8529672,False,Committed binary payload. TEEG_01 rev 2 section 3.2: not referenced by any code path. D-8: moves to a separate repository; no history rewriting
Passive Features/Passive Allen Data/L2/specimen_537204107.zip,passive,S0.7,discard,origin,,Passive Features/Passive Allen Data/L2/specimen_537204107.zip,01bff4f88db89fb74eefc172bc3b4c4531eb6e77730b594a3fee56d650c7fb06,01bff4f88db89fb74eefc172bc3b4c4531eb6e77730b594a3fee56d650c7fb06,01bff4f88db89fb74eefc172bc3b4c4531eb6e77730b594a3fee56d650c7fb06,-,-,25756947,False,False,0,320,90338,13096324,False,Committed binary payload. TEEG_01 rev 2 section 3.2: not referenced by any code path. D-8: moves to a separate repository; no history rewriting
Passive Features/Passive Allen Data/L2/specimen_614659629.zip,passive,S0.7,discard,origin,,Passive Features/Passive Allen Data/L2/specimen_614659629.zip,e8ceaafe374360f6c518215912b5fbda68f2d4321135ce413330aad39a9bdfc6,e8ceaafe374360f6c518215912b5fbda68f2d4321135ce413330aad39a9bdfc6,e8ceaafe374360f6c518215912b5fbda68f2d4321135ce413330aad39a9bdfc6,-,-,19472705,False,False,0,190,68959,9898132,False,Committed binary payload. TEEG_01 rev 2 section 3.2: not referenced by any code path. D-8: moves to a separate repository; no history rewriting
Passive Features/Passive Allen Data/L2/specimen_616647103.zip,passive,S0.7,discard,origin,,Passive Features/Passive Allen Data/L2/specimen_616647103.zip,f4219ebd7149326b777b0c2dff3000c0cc5227567f05882f73f46a9dde67c2ef,f4219ebd7149326b777b0c2dff3000c0cc5227567f05882f73f46a9dde67c2ef,f4219ebd7149326b777b0c2dff3000c0cc5227567f05882f73f46a9dde67c2ef,-,-,7331096,False,False,0,89,25369,3727471,False,Committed binary payload. TEEG_01 rev 2 section 3.2: not referenced by any code path. D-8: moves to a separate repository; no history rewriting
Passive Features/Phase 1/README.md,passive,-,retain,origin,,Passive Features/Phase 1/README.md,99e89cb13b59a14b1be7151b7016cee7fd60874c6b94cb835f2a4d798849f306,99e89cb13b59a14b1be7151b7016cee7fd60874c6b94cb835f2a4d798849f306,99e89cb13b59a14b1be7151b7016cee7fd60874c6b94cb835f2a4d798849f306,-,-,33306,False,False,0,0,296,327,False,"passive scope; stays in the repository, outside the installed package"
Passive Features/Phase 2/aaa.py,passive,-,retain,origin,,Passive Features/Phase 2/aaa.py,17e682f060b5f8e47ea04c5c4855908b0a5ad612022260fe50e11ecb0cc0ab76,17e682f060b5f8e47ea04c5c4855908b0a5ad612022260fe50e11ecb0cc0ab76,17e682f060b5f8e47ea04c5c4855908b0a5ad612022260fe50e11ecb0cc0ab76,-,-,4,True,True,0,0,1,0,False,"passive scope; stays in the repository, outside the installed package"
Passive Features/Phase 2/phase2_patch.pdf,passive,S0.7,discard,origin,,Passive Features/Phase 2/phase2_patch.pdf,2d488e5e13001e10573bc3b79c6e93753d7185a0953892f676000d206da63657,2d488e5e13001e10573bc3b79c6e93753d7185a0953892f676000d206da63657,2d488e5e13001e10573bc3b79c6e93753d7185a0953892f676000d206da63657,-,-,1355690,False,False,0,107,5350,676700,False,Committed binary payload. TEEG_01 rev 2 section 3.2: not referenced by any code path. D-8: moves to a separate repository; no history rewriting
Passive Features/Phase 2/phase2_technical.pdf,passive,S0.7,discard,origin,,Passive Features/Phase 2/phase2_technical.pdf,03d8016e1289373b17fb5853a4406b7bdd469829d90735619e20bba9f2ac3392,03d8016e1289373b17fb5853a4406b7bdd469829d90735619e20bba9f2ac3392,03d8016e1289373b17fb5853a4406b7bdd469829d90735619e20bba9f2ac3392,-,-,4049654,False,False,0,185,16141,2033750,False,Committed binary payload. TEEG_01 rev 2 section 3.2: not referenced by any code path. D-8: moves to a separate repository; no history rewriting
Passive Features/Phase 3/README.md,passive,-,retain,origin,,Passive Features/Phase 3/README.md,4f9b9c11f1126bba43718cc4e75dbfe65ef01b8753e98000a39dfebfe6482e8b,4f9b9c11f1126bba43718cc4e75dbfe65ef01b8753e98000a39dfebfe6482e8b,4f9b9c11f1126bba43718cc4e75dbfe65ef01b8753e98000a39dfebfe6482e8b,-,-,7656,False,False,0,0,197,192,False,"passive scope; stays in the repository, outside the installed package"
Passive Features/Plot/X,passive,-,retain,origin,,Passive Features/Plot/X,10c7dbb397fcc737bfa09cc0f149a9b6d567274964ea1a1138d4403b294a6b5c,10c7dbb397fcc737bfa09cc0f149a9b6d567274964ea1a1138d4403b294a6b5c,10c7dbb397fcc737bfa09cc0f149a9b6d567274964ea1a1138d4403b294a6b5c,-,-,3,False,False,0,0,1,0,False,"passive scope; stays in the repository, outside the installed package"
Passive Features/Plot/passive_result_plot (5).py,passive,-,retain,origin,,Passive Features/Plot/passive_result_plot (5).py,5add73afb4b8556217660a474e5e81e3d1e2ed0c03bf36c38e08245635d2f4e7,a6b24bc1a3a62cfb1a961e21490c9f722d0857f5c80673b119d6f273a2d0ea54,5add73afb4b8556217660a474e5e81e3d1e2ed0c03bf36c38e08245635d2f4e7,-,-,192545,True,True,0,0,4538,23301,True,"passive scope; stays in the repository, outside the installed package"
Passive Features/Plot/phase3_publication_plots_v2_documentation.md,passive,-,retain,origin,,Passive Features/Plot/phase3_publication_plots_v2_documentation.md,c366f5dc493d1c07b202ca6f6036fc153a41b44f3eb5597fafed58c209e51bc6,c366f5dc493d1c07b202ca6f6036fc153a41b44f3eb5597fafed58c209e51bc6,c366f5dc493d1c07b202ca6f6036fc153a41b44f3eb5597fafed58c209e51bc6,-,-,23634,False,False,0,0,471,371,False,"passive scope; stays in the repository, outside the installed package"
Passive Features/node_test.py,passive,-,retain,origin,,Passive Features/node_test.py,f1c9580c2604a57299d9b4b084646f5ac33cd068d56f487fa2dd11434aca83bf,f1c9580c2604a57299d9b4b084646f5ac33cd068d56f487fa2dd11434aca83bf,f1c9580c2604a57299d9b4b084646f5ac33cd068d56f487fa2dd11434aca83bf,-,-,1304,True,True,0,0,35,0,False,"passive scope; stays in the repository, outside the installed package"
Passive Features/phase1fittingcolab (2).py,passive,-,retain,origin,,Passive Features/phase1fittingcolab (2).py,7390da6d84fb608ef7ebd5b47a4997126f1d7d39d93d1363d7a5c170a87226d3,b47f1f9e552e4be6de016469446ead0016ae14b9f8f1ec34bd548d70626a4958,7390da6d84fb608ef7ebd5b47a4997126f1d7d39d93d1363d7a5c170a87226d3,-,-,244872,True,True,0,0,5939,16370,True,"passive scope; stays in the repository, outside the installed package"
Passive Features/submit_node_test.sh,passive,-,retain,origin,,Passive Features/submit_node_test.sh,f2329cb6a4bed8e3d20c08c3b831848c1c1cb4716d99a1a551d56a50d306db88,f2329cb6a4bed8e3d20c08c3b831848c1c1cb4716d99a1a551d56a50d306db88,f2329cb6a4bed8e3d20c08c3b831848c1c1cb4716d99a1a551d56a50d306db88,-,-,1009,False,False,0,0,37,0,False,"passive scope; stays in the repository, outside the installed package"
